Domain,Status,Attractiveness,Demand,Length,Sectors,Created,Expires,Registrar
one.consulting,resell,132,44%,3,"Business,General,Media,Technology",01/04/2024 15:15,01/04/2026 15:15,"Spaceship, Inc."
second.consulting,available,120,23%,6,"General,Mathematics",,,
flat.consulting,available,116,24%,4,"Construction,Real Estate",,,
tenth.consulting,available,116,7%,5,Mathematics,,,
zero.consulting,resell,112,49%,4,Mathematics,22/06/2025 17:00,22/06/2026 17:00,Dynadot Inc
eight.consulting,available,102,23%,5,"General,Mathematics",,,
eighth.consulting,available,100,6%,6,Mathematics,,,
sixth.consulting,available,100,8%,5,Mathematics,,,
third.consulting,available,100,16%,5,Mathematics,,,
ninth.consulting,available,100,9%,5,Mathematics,,,
nought.consulting,available,92,4%,6,Mathematics,,,
twentieth.consulting,available,92,3%,9,Mathematics,,,
leash.consulting,available,90,7%,5,"General,Health and Fitness,Retail",,,
hundred.consulting,available,88,14%,7,Mathematics,,,
sixteen.consulting,available,88,11%,7,Mathematics,,,
fifteen.consulting,available,88,13%,7,Mathematics,,,
three.consulting,expiring,88,24%,5,Mathematics,09/09/2019 10:57,09/09/2025 10:57,"GoDaddy.com, LLC"
xiv.consulting,available,86,12%,3,Mathematics,,,
xix.consulting,available,86,11%,3,Mathematics,,,
grand.consulting,expired,84,25%,5,"Finance,General",19/06/2024 15:15,19/06/2025 15:15,Virtualia LLC
fourteen.consulting,available,84,8%,8,Mathematics,,,
thousand.consulting,available,84,8%,8,Mathematics,,,
seventeen.consulting,available,84,7%,9,Mathematics,,,
nineteen.consulting,available,84,8%,8,Mathematics,,,
thirteen.consulting,available,84,10%,8,Mathematics,,,
dozen.consulting,available,82,10%,5,Mathematics,,,
fivesome.consulting,available,82,1%,8,Sports,,,
decade.consulting,available,82,10%,6,Mathematics,,,
twenty.consulting,available,80,12%,6,Mathematics,,,
forty.consulting,available,80,9%,5,Mathematics,,,
first.consulting,expiring,80,36%,5,"General,Mathematics",16/09/2014 09:35,16/09/2025 09:35,Hosting Concepts B.V. d/b/a Registrar.eu
seventh.consulting,available,80,10%,7,Mathematics,,,
twentysix.consulting,available,78,8%,10,Mathematics,,,
sixtynine.consulting,available,78,8%,10,Mathematics,,,
thousandth.consulting,available,76,1%,10,Mathematics,,,
thirteenth.consulting,available,76,4%,10,Mathematics,,,
fourteenth.consulting,available,76,1%,10,Mathematics,,,
hundredth.consulting,available,76,1%,9,Mathematics,,,
nineteenth.consulting,available,76,3%,10,Mathematics,,,
eighteen.consulting,available,76,7%,8,Mathematics,,,
fifteenth.consulting,available,76,2%,9,Mathematics,,,
threed.consulting,available,76,7%,7,Technology,,,
single.consulting,available,74,19%,6,Sports,,,
trinity.consulting,available,72,18%,7,Religion,,,
eightieth.consulting,available,72,1%,9,Mathematics,,,
seventieth.consulting,available,72,1%,10,Mathematics,,,
trey.consulting,available,72,14%,4,Sports,,,
sixtieth.consulting,available,72,1%,8,Mathematics,,,
ternary.consulting,available,72,7%,7,Mathematics,,,
ninetieth.consulting,available,72,1%,9,Mathematics,,,
tiptop.consulting,available,70,24%,6,Fashion,,,
thirtieth.consulting,available,68,1%,9,Mathematics,,,
sevener.consulting,available,68,1%,7,Mathematics,,,
threesome.consulting,available,68,5%,9,Entertainment,,,
septenary.consulting,available,68,1%,9,Mathematics,,,
fiftieth.consulting,available,68,0%,8,Mathematics,,,
foursome.consulting,available,68,4%,8,Sports,,,
fortieth.consulting,available,68,0%,8,Mathematics,,,
octonary.consulting,available,68,1%,8,Mathematics,,,
ennead.consulting,available,68,5%,6,Mathematics,,,
acappella.consulting,available,66,6%,10,Entertainment,,,
xxii.consulting,available,66,6%,4,Mathematics,,,
xvii.consulting,available,66,5%,4,Mathematics,,,
deuce.consulting,available,66,9%,5,Sports,,,
xxi.consulting,available,66,10%,3,Mathematics,,,
clv.consulting,available,66,10%,3,Mathematics,,,
fifty.consulting,available,66,12%,5,Mathematics,,,
xxvi.consulting,available,66,3%,4,Mathematics,,,
thirty.consulting,available,66,8%,6,Mathematics,,,
six.consulting,available,66,26%,3,Mathematics,,,
xxv.consulting,available,66,6%,3,Mathematics,,,
xviii.consulting,available,66,5%,5,Mathematics,,,
xvi.consulting,available,66,5%,3,Mathematics,,,
ninety.consulting,available,66,11%,6,Mathematics,,,
latest.consulting,available,66,18%,6,Technology,,,
sextet.consulting,available,66,1%,6,Entertainment,,,
onec.consulting,available,66,6%,5,Mathematics,,,
eighty.consulting,available,66,6%,6,Mathematics,,,
xii.consulting,available,66,10%,3,Mathematics,,,
longdozen.consulting,available,62,2%,10,Mathematics,,,
chiliad.consulting,available,62,2%,7,Mathematics,,,
sixteenth.consulting,available,62,1%,9,Mathematics,,,
eleventh.consulting,available,62,5%,8,Mathematics,,,
troika.consulting,available,62,8%,6,Politics,,,
twodozen.consulting,available,62,1%,9,Mathematics,,,
fortyfour.consulting,available,62,6%,10,Mathematics,,,
eighteenth.consulting,available,62,1%,10,Mathematics,,,
clxxv.consulting,available,60,1%,5,Mathematics,,,
cxxx.consulting,available,60,4%,4,Mathematics,,,
cxx.consulting,expiring,60,10%,3,Mathematics,07/09/2014 22:50,07/09/2025 22:50,united-domains GmbH
cxxxv.consulting,available,60,2%,5,Mathematics,,,
eightysix.consulting,available,60,7%,10,Mathematics,,,
clxxx.consulting,available,60,1%,5,Mathematics,,,
clxx.consulting,available,60,3%,4,Mathematics,,,
xcl.consulting,available,60,5%,3,Mathematics,,,
clxv.consulting,available,60,1%,4,Mathematics,,,
thou.consulting,available,60,7%,4,Mathematics,,,
cxl.consulting,available,60,7%,3,Mathematics,,,
sixty.consulting,available,60,13%,5,Mathematics,,,
cxlv.consulting,available,60,2%,4,Mathematics,,,
cxxv.consulting,available,60,1%,4,Mathematics,,,
cxv.consulting,available,60,4%,3,Mathematics,,,
tertiary.consulting,available,60,4%,8,Education,,,
niner.consulting,resell,58,5%,5,Mathematics,30/11/2016 02:48,30/11/2025 02:48,"GoDaddy.com, LLC"
octad.consulting,available,58,5%,5,Mathematics,,,
hexad.consulting,available,58,4%,5,Mathematics,,,
fifth.consulting,available,58,12%,5,Mathematics,,,
heptad.consulting,available,58,1%,6,Mathematics,,,
super.consulting,resell,58,47%,5,Business,11/05/2019 15:30,11/05/2026 15:30,GoDaddy Online Services Cayman Islands Ltd.
tetrad.consulting,available,58,5%,6,Mathematics,,,
sixtyone.consulting,available,58,3%,9,Mathematics,,,
sixer.consulting,available,58,5%,5,Sports,,,
twelfth.consulting,available,58,2%,7,Mathematics,,,
fourth.consulting,available,58,13%,6,Mathematics,,,
pentad.consulting,available,58,2%,6,Mathematics,,,
seventy.consulting,available,58,7%,7,Mathematics,,,
fourscore.consulting,available,58,4%,9,Mathematics,,,
sextuplet.consulting,available,58,1%,9,Healthcare,,,
eighter.consulting,available,58,2%,7,Mathematics,,,
centesimal.consulting,available,58,1%,10,Mathematics,,,
lxxx.consulting,available,58,2%,4,Mathematics,,,
xxxii.consulting,available,56,1%,5,Mathematics,,,
xxiii.consulting,available,56,5%,5,Mathematics,,,
lvi.consulting,available,56,8%,3,Mathematics,,,
fortytwo.consulting,available,56,17%,9,Mathematics,,,
thirtysix.consulting,available,56,5%,10,Mathematics,,,
xxix.consulting,available,56,4%,4,Mathematics,,,
xli.consulting,available,56,5%,3,Mathematics,,,
xxvii.consulting,available,56,3%,5,Mathematics,,,
xlviii.consulting,available,56,1%,6,Mathematics,,,
aone.consulting,available,56,15%,5,Food and Beverage,,,
lviii.consulting,available,56,1%,5,Mathematics,,,
fortyone.consulting,available,56,4%,9,Mathematics,,,
xxxiv.consulting,available,56,1%,5,Mathematics,,,
thirtytwo.consulting,available,56,5%,10,Mathematics,,,
xliv.consulting,available,56,2%,4,Mathematics,,,
xxviii.consulting,available,56,1%,6,Mathematics,,,
fiftyfour.consulting,available,56,3%,10,Mathematics,,,
xxxvi.consulting,available,56,1%,5,Mathematics,,,
xliii.consulting,available,56,1%,5,Mathematics,,,
xxxiii.consulting,available,56,2%,6,Mathematics,,,
xxxv.consulting,available,56,4%,4,Mathematics,,,
xxxi.consulting,available,56,9%,4,Mathematics,,,
fiftynine.consulting,available,56,4%,10,Mathematics,,,
xlvii.consulting,available,56,2%,5,Mathematics,,,
fiftyone.consulting,available,56,7%,9,Mathematics,,,
thirtyone.consulting,available,56,5%,10,Mathematics,,,
ilx.consulting,available,56,5%,3,Mathematics,,,
xlii.consulting,available,56,5%,4,Mathematics,,,
fiftytwo.consulting,available,56,6%,9,Mathematics,,,
xxiv.consulting,available,56,5%,4,Mathematics,,,
fiftysix.consulting,available,56,4%,9,Mathematics,,,
xxxvii.consulting,available,56,2%,6,Mathematics,,,
xlvi.consulting,available,56,3%,4,Mathematics,,,
xlv.consulting,available,56,6%,3,Mathematics,,,
fortynine.consulting,available,56,3%,10,Mathematics,,,
liii.consulting,available,56,4%,4,Mathematics,,,
xxxviii.consulting,available,56,1%,7,Mathematics,,,
halfdozen.consulting,available,56,1%,10,Mathematics,,,
lvii.consulting,available,56,1%,4,Mathematics,,,
twoscore.consulting,available,54,2%,8,Mathematics,,,
fortyfive.consulting,available,54,4%,10,Mathematics,,,
quatern.consulting,available,54,2%,7,Mathematics,,,
viii.consulting,available,54,6%,4,Mathematics,,,
deuceace.consulting,available,54,2%,9,Sports,,,
threescore.consulting,available,54,1%,10,Mathematics,,,
quaternity.consulting,available,54,4%,10,Mathematics,,,
vii.consulting,available,54,13%,3,Mathematics,,,
sixtyfive.consulting,available,52,3%,10,Mathematics,,,
xcvii.consulting,available,52,1%,5,Mathematics,,,
ninetyone.consulting,available,52,5%,10,Mathematics,,,
lxvii.consulting,available,52,1%,5,Mathematics,,,
sixtytwo.consulting,available,52,3%,9,Mathematics,,,
sixtysix.consulting,available,52,4%,9,Mathematics,,,
ninetysix.consulting,available,52,4%,10,Mathematics,,,
xcii.consulting,available,52,2%,4,Mathematics,,,
lxii.consulting,available,52,1%,4,Mathematics,,,
xcviii.consulting,available,52,1%,6,Mathematics,,,
lxxiv.consulting,available,52,1%,5,Mathematics,,,
xciv.consulting,available,52,2%,4,Mathematics,,,
xci.consulting,available,52,4%,3,Mathematics,,,
xcvi.consulting,available,52,2%,4,Mathematics,,,
lxxvi.consulting,available,52,1%,5,Mathematics,,,
lxviii.consulting,available,52,1%,6,Mathematics,,,
lxiv.consulting,available,52,3%,4,Mathematics,,,
eightyone.consulting,available,52,3%,10,Mathematics,,,
ninetytwo.consulting,available,52,4%,10,Mathematics,,,
lxi.consulting,available,52,5%,3,Mathematics,,,
lxxxvi.consulting,available,52,1%,6,Mathematics,,,
lxxi.consulting,available,52,1%,4,Mathematics,,,
xciii.consulting,available,52,1%,5,Mathematics,,,
sixtyfour.consulting,available,52,3%,10,Mathematics,,,
lxxv.consulting,available,52,1%,4,Mathematics,,,
lxvi.consulting,available,52,3%,4,Mathematics,,,
lxv.consulting,available,52,5%,3,Mathematics,,,
lxxxv.consulting,available,52,1%,5,Mathematics,,,
lxxii.consulting,available,52,1%,5,Mathematics,,,
lxxxii.consulting,available,52,1%,6,Mathematics,,,
eightytwo.consulting,available,52,4%,10,Mathematics,,,
lxxiii.consulting,available,52,1%,6,Mathematics,,,
lxiii.consulting,available,52,2%,5,Mathematics,,,
lxxxiii.consulting,available,52,1%,7,Mathematics,,,
xcv.consulting,available,52,7%,3,Mathematics,,,
ixc.consulting,available,52,5%,3,Mathematics,,,
lxxxi.consulting,available,52,1%,5,Mathematics,,,
lxxvii.consulting,available,52,2%,6,Mathematics,,,
lxxxiv.consulting,available,52,1%,6,Mathematics,,,
lxxxvii.consulting,available,52,1%,7,Mathematics,,,
ixl.consulting,available,52,9%,3,Mathematics,,,
ogdoad.consulting,available,50,1%,6,Mathematics,,,
triplet.consulting,available,50,8%,7,Science,,,
lxx.consulting,available,50,5%,3,Mathematics,,,
cinque.consulting,available,50,7%,6,Mathematics,,,
lxxxviii.consulting,available,48,1%,8,Mathematics,,,
quaternary.consulting,available,46,3%,10,Mathematics,,,